,Airport Code,Date,Time,Latitude,Longitude,Weather Description,Temperature (F),Heat Index (F),Wind Chill (F),Dew Point (F),Wind Speed (mph),Wind Gusts (mph),Wind Direction,Precipitation (in),Humidity (%),Visibility (mi),Pressure (mb),Cloud Coverage (%),Snow Total (cm)
0,JFK,2015-01-01,0,40.640,-73.779,Clear,30,31,20,17,14,19,WSW,0.0,57,6,1022,19,0.0
1,LGA,2015-01-01,0,40.776,-73.873,Clear,28,28,19,15,11,16,WSW,0.0,58,6,1021,13,0.0
2,JFK,2015-01-02,0,40.640,-73.779,Clear,37,37,28,25,15,24,WSW,0.0,62,6,1017,6,0.0
3,LGA,2015-01-02,0,40.776,-73.873,Clear,35,35,26,23,12,21,WSW,0.0,63,6,1017,6,0.0
4,JFK,2015-01-03,0,40.640,-73.779,Overcast,35,36,29,26,9,14,NNE,0.0,69,6,1032,100,0.0
5,LGA,2015-01-03,0,40.780,-73.870,Overcast,33,33,26,25,8,14,NNE,0.0,72,6,1032,100,0.0
6,JFK,2015-01-04,0,40.640,-73.779,Mist,46,47,46,46,3,5,NW,0.0,97,1,1018,100,0.0
7,LGA,2015-01-04,0,40.776,-73.873,Mist,43,44,43,43,3,6,N,0.0,97,1,1018,100,0.0
8,JFK,2015-01-05,0,40.640,-73.780,Clear,45,45,38,39,17,27,W,0.0,79,6,1010,0,0.0
9,LGA,2015-01-05,0,40.776,-73.873,Clear,43,44,37,38,14,23,W,0.0,82,6,1010,3,0.0
10,JFK,2015-01-06,0,40.640,-73.780,Clear,23,23,12,5,12,14,NW,0.0,45,6,1030,9,0.0
11,LGA,2015-01-06,0,40.780,-73.870,Clear,22,22,11,2,11,13,NW,0.0,41,6,1030,8,0.0
12,JFK,2015-01-07,0,40.640,-73.780,Clear,21,21,10,16,11,15,WNW,0.0,78,6,1017,21,0.0
13,LGA,2015-01-07,0,40.776,-73.873,Clear,19,19,8,14,9,13,W,0.0,81,6,1017,21,0.0
14,JFK,2015-01-08,0,40.640,-73.779,Cloudy,11,11,-7,6,19,22,NW,0.0,80,6,1026,87,0.0
15,LGA,2015-01-08,0,40.776,-73.873,Overcast,9,9,-8,3,15,20,NW,0.0,76,6,1026,88,0.0
16,JFK,2015-01-09,0,40.640,-73.779,Partly cloudy,23,22,9,15,17,22,SSW,0.0,74,6,1023,47,0.0
17,LGA,2015-01-09,0,40.780,-73.870,Partly cloudy,19,19,6,13,13,19,SSW,0.0,74,6,1022,46,0.0
18,JFK,2015-01-10,0,40.640,-73.780,Clear,23,23,9,16,17,23,WNW,0.0,74,6,1024,4,0.0
19,LGA,2015-01-10,0,40.780,-73.870,Clear,21,21,8,15,14,21,WNW,0.0,77,6,1024,4,0.0
20,JFK,2015-01-11,0,40.640,-73.780,Clear,19,20,7,13,13,18,W,0.0,74,6,1036,17,0.0
21,LGA,2015-01-11,0,40.780,-73.870,Clear,17,17,5,11,10,16,W,0.0,77,6,1036,19,0.0
22,JFK,2015-01-12,0,40.640,-73.780,Partly cloudy,35,36,29,28,10,16,SW,0.0,71,6,1032,46,0.0
23,LGA,2015-01-12,0,40.776,-73.873,Partly cloudy,33,33,26,27,8,14,SW,0.0,77,6,1032,56,0.0
24,JFK,2015-01-13,0,40.640,-73.780,Overcast,36,36,28,31,12,18,N,0.0,83,6,1024,93,0.0
25,LGA,2015-01-13,0,40.780,-73.870,Cloudy,34,35,27,31,9,15,N,0.0,85,6,1024,64,0.0
26,JFK,2015-01-14,0,40.640,-73.780,Clear,22,22,9,13,13,17,NE,0.0,69,6,1035,19,0.0
27,LGA,2015-01-14,0,40.780,-73.870,Clear,19,19,6,8,11,15,NE,0.0,61,6,1036,11,0.0
28,JFK,2015-01-15,0,40.640,-73.779,Partly cloudy,29,30,22,23,9,12,N,0.0,75,6,1022,58,0.0
29,LGA,2015-01-15,0,40.780,-73.870,Partly cloudy,27,28,21,22,7,10,N,0.0,77,6,1022,51,0.0
30,JFK,2015-01-16,0,40.640,-73.780,Clear,33,33,22,20,16,24,WSW,0.0,60,6,1013,6,0.0
31,LGA,2015-01-16,0,40.780,-73.870,Clear,30,30,21,19,12,20,WSW,0.0,61,6,1013,7,0.0
32,JFK,2015-01-17,0,40.640,-73.780,Clear,22,22,8,8,16,19,NNW,0.0,55,6,1025,4,0.0
33,LGA,2015-01-17,0,40.780,-73.870,Clear,20,20,7,6,14,18,NNW,0.0,53,6,1025,5,0.0
34,JFK,2015-01-18,0,40.640,-73.780,Overcast,34,35,26,25,11,18,SSW,0.0,68,6,1023,91,0.0
35,LGA,2015-01-18,0,40.780,-73.870,Overcast,31,31,24,22,9,15,SSW,0.0,69,6,1023,88,0.0
36,JFK,2015-01-19,0,40.640,-73.780,Clear,38,38,29,34,15,25,W,0.0,87,6,1007,13,0.0
37,LGA,2015-01-19,0,40.780,-73.870,Clear,36,36,27,33,12,22,W,0.0,90,6,1007,15,0.0
38,JFK,2015-01-20,0,40.640,-73.780,Partly cloudy,36,37,29,31,12,19,W,0.0,78,6,1012,32,0.0
39,LGA,2015-01-20,0,40.780,-73.870,Partly cloudy,34,35,27,29,10,17,W,0.0,80,6,1012,29,0.0
40,JFK,2015-01-21,0,40.640,-73.780,Clear,32,35,28,24,8,9,NNW,0.0,66,6,1018,5,0.5
41,LGA,2015-01-21,0,40.780,-73.870,Clear,31,33,26,23,7,9,NNW,0.0,66,6,1019,5,0.0
42,JFK,2015-01-22,0,40.640,-73.780,Overcast,32,33,28,24,5,7,N,0.0,68,6,1022,100,0.0
43,LGA,2015-01-22,0,40.776,-73.873,Overcast,31,32,28,21,4,5,N,0.0,62,6,1022,100,0.0
44,JFK,2015-01-23,0,40.640,-73.779,Clear,32,33,25,24,11,13,NNW,0.0,69,6,1027,3,0.0
45,LGA,2015-01-23,0,40.780,-73.870,Clear,31,31,23,23,9,13,NNW,0.0,70,6,1027,4,0.0
46,JFK,2015-01-24,0,40.640,-73.780,Overcast,35,36,30,33,8,11,SW,0.0,88,6,1014,100,0.0
47,LGA,2015-01-24,0,40.780,-73.870,Overcast,34,34,28,32,7,10,SW,0.0,91,6,1014,100,0.0
48,JFK,2015-01-25,0,40.640,-73.780,Clear,34,34,24,29,16,25,WNW,0.0,83,6,1000,15,0.0
49,LGA,2015-01-25,0,40.780,-73.870,Clear,32,32,22,28,13,22,WNW,0.0,87,6,1000,13,0.0
50,JFK,2015-01-26,0,40.640,-73.780,Overcast,28,28,17,20,13,18,NE,0.0,72,6,1016,95,0.1
51,LGA,2015-01-26,0,40.780,-73.870,Cloudy,27,27,16,20,12,16,NE,0.0,76,6,1017,82,0.0
52,JFK,2015-01-27,0,40.640,-73.780,Overcast,26,26,10,24,26,34,NNE,0.0,92,6,1004,100,0.0
53,LGA,2015-01-27,0,40.776,-73.873,Overcast,24,24,9,22,22,31,NNE,0.0,92,6,1005,100,0.0
54,JFK,2015-01-28,0,40.640,-73.780,Overcast,21,20,6,16,17,22,NW,0.0,83,6,1011,100,0.0
55,LGA,2015-01-28,0,40.780,-73.870,Cloudy,18,18,5,15,14,20,NW,0.0,87,6,1011,78,0.0
56,JFK,2015-01-29,0,40.640,-73.780,Clear,24,27,17,19,11,12,N,0.0,71,6,1026,0,0.0
57,LGA,2015-01-29,0,40.780,-73.870,Clear,20,22,13,17,9,14,NNW,0.0,77,6,1026,1,0.0
58,JFK,2015-01-30,0,40.640,-73.780,Overcast,35,35,28,31,9,13,SSW,0.0,85,6,1014,100,0.0
59,LGA,2015-01-30,0,40.780,-73.870,Overcast,33,33,26,30,7,11,SSW,0.0,89,6,1014,100,0.1
60,JFK,2015-01-31,0,40.640,-73.780,Clear,19,19,1,14,27,34,NW,0.0,81,6,1016,3,0.0
61,LGA,2015-01-31,0,40.780,-73.870,Clear,17,17,-1,13,23,33,NW,0.0,83,6,1017,0,0.0
62,JFK,2015-02-01,0,40.640,-73.780,Clear,22,22,11,17,12,18,WNW,0.0,80,6,1023,11,0.0
63,LGA,2015-02-01,0,40.780,-73.870,Clear,19,20,9,16,10,16,WNW,0.0,85,6,1023,5,0.0
64,JFK,2015-02-02,0,40.640,-73.780,Overcast,34,34,25,31,13,18,SE,0.0,88,6,1014,100,0.6
65,LGA,2015-02-02,0,40.780,-73.870,Overcast,32,32,23,30,12,17,ESE,0.0,92,6,1014,100,0.0
66,JFK,2015-02-03,0,40.640,-73.780,Clear,16,16,-0,12,19,25,NW,0.0,82,6,1016,2,0.0
67,LGA,2015-02-03,0,40.780,-73.870,Clear,14,14,-2,10,15,23,NW,0.0,85,6,1016,0,0.0
68,JFK,2015-02-04,0,40.640,-73.780,Clear,23,25,16,17,8,14,WSW,0.0,73,6,1027,15,0.0
69,LGA,2015-02-04,0,40.780,-73.870,Clear,17,18,9,13,6,13,WSW,0.0,81,6,1027,16,0.0
70,JFK,2015-02-05,0,40.640,-73.780,Partly cloudy,36,37,32,34,6,13,SSW,0.0,89,6,1012,32,0.0
71,LGA,2015-02-05,0,40.780,-73.870,Partly cloudy,32,33,29,31,4,9,SSW,0.0,92,6,1011,50,0.0
72,JFK,2015-02-06,0,40.640,-73.780,Clear,14,14,-1,9,15,21,NW,0.0,78,6,1024,21,0.0
73,LGA,2015-02-06,0,40.780,-73.870,Clear,11,11,-4,7,12,20,NW,0.0,84,6,1024,12,0.0
74,JFK,2015-02-07,0,40.640,-73.779,Clear,24,24,13,19,12,21,WNW,0.0,79,6,1022,13,0.0
75,LGA,2015-02-07,0,40.776,-73.873,Clear,20,20,9,16,9,20,WNW,0.0,85,6,1022,14,0.0
76,JFK,2015-02-08,0,40.640,-73.779,Overcast,34,36,36,28,2,3,WNW,0.0,74,6,1015,100,0.0
77,LGA,2015-02-08,0,40.776,-73.873,Overcast,32,33,33,26,1,2,NNW,0.0,77,6,1015,100,0.0
78,JFK,2015-02-09,0,40.640,-73.780,Overcast,27,27,14,26,17,22,NE,0.0,96,6,1013,100,0.0
79,LGA,2015-02-09,0,40.780,-73.870,Overcast,26,26,14,25,14,19,NE,0.0,96,6,1014,100,0.1
80,JFK,2015-02-10,0,40.640,-73.780,Overcast,26,26,12,24,18,24,NNE,0.0,92,6,1016,100,0.0
81,LGA,2015-02-10,0,40.780,-73.870,Overcast,25,25,13,23,15,21,NNE,0.0,93,6,1017,100,0.0
82,JFK,2015-02-11,0,40.640,-73.779,Partly cloudy,28,28,17,25,15,23,NNE,0.0,86,6,1017,36,0.0
83,LGA,2015-02-11,0,40.780,-73.870,Clear,26,26,14,23,13,21,N,0.0,88,6,1018,13,0.0
84,JFK,2015-02-12,0,40.640,-73.780,Partly cloudy,28,29,24,24,5,7,SSW,0.0,80,6,1013,29,0.3
85,LGA,2015-02-12,0,40.776,-73.873,Partly cloudy,25,26,20,22,5,9,SSW,0.0,86,6,1012,43,0.0
86,JFK,2015-02-13,0,40.640,-73.779,Partly cloudy,16,16,-2,11,23,28,NW,0.0,81,6,1014,54,0.0
87,LGA,2015-02-13,0,40.780,-73.870,Partly cloudy,14,13,-4,10,19,27,NW,0.0,84,6,1014,31,0.0
88,JFK,2015-02-14,0,40.640,-73.780,Partly cloudy,15,16,7,10,6,10,W,0.0,78,6,1021,35,0.0
89,LGA,2015-02-14,0,40.780,-73.870,Partly cloudy,9,10,3,7,4,8,W,0.0,85,6,1021,39,0.1
90,JFK,2015-02-15,0,40.640,-73.780,Overcast,24,24,9,22,23,29,NW,0.0,90,6,998,100,0.0
91,LGA,2015-02-15,0,40.780,-73.870,Overcast,23,23,8,21,21,29,NW,0.0,91,6,998,100,0.0
92,JFK,2015-02-16,0,40.640,-73.780,Cloudy,8,8,-14,5,26,30,NW,0.0,88,6,1020,77,0.0
93,LGA,2015-02-16,0,40.776,-73.873,Partly cloudy,6,6,-15,3,21,29,NW,0.0,89,6,1020,57,0.0
94,JFK,2015-02-17,0,40.640,-73.780,Overcast,19,20,13,16,4,6,N,0.0,86,6,1017,97,1.6
95,LGA,2015-02-17,0,40.780,-73.870,Overcast,17,18,12,15,4,6,N,0.0,88,6,1017,91,0.0
96,JFK,2015-02-18,0,40.640,-73.780,Partly cloudy,20,21,16,17,4,7,NNW,0.0,84,6,1014,51,0.0
97,LGA,2015-02-18,0,40.780,-73.870,Clear,15,16,11,14,3,7,NNW,0.0,90,6,1014,24,0.0
98,JFK,2015-02-19,0,40.640,-73.780,Partly cloudy,25,25,11,21,19,27,W,0.0,84,6,1008,58,0.0
99,LGA,2015-02-19,0,40.776,-73.873,Partly cloudy,23,23,10,20,16,25,W,0.0,88,6,1008,57,0.0
100,JFK,2015-02-20,0,40.640,-73.779,Partly cloudy,9,9,-12,4,23,28,WNW,0.0,80,6,1017,27,0.0
101,LGA,2015-02-20,0,40.780,-73.870,Clear,6,6,-13,2,19,26,WNW,0.0,83,6,1017,21,0.0
102,JFK,2015-02-21,0,40.640,-73.779,Clear,12,14,4,9,8,11,W,0.0,78,6,1034,6,0.0
103,LGA,2015-02-21,0,40.780,-73.870,Clear,7,9,-1,6,6,12,W,0.0,86,6,1034,7,0.0
104,JFK,2015-02-22,0,40.640,-73.780,Fog,32,33,27,32,6,9,WSW,0.0,97,0,1021,100,0.0
105,LGA,2015-02-22,0,40.780,-73.870,Freezing fog,31,31,28,31,4,6,WSW,0.0,98,0,1021,100,0.0
106,JFK,2015-02-23,0,40.640,-73.780,Cloudy,34,34,25,31,13,22,WNW,0.0,89,6,1023,86,0.0
107,LGA,2015-02-23,0,40.776,-73.873,Cloudy,32,32,23,30,11,20,WNW,0.0,91,6,1023,79,0.0
108,JFK,2015-02-24,0,40.640,-73.780,Clear,8,10,-4,5,12,13,NNW,0.0,80,6,1029,0,0.0
109,LGA,2015-02-24,0,40.776,-73.873,Clear,5,6,-8,2,10,15,NW,0.0,84,6,1029,0,0.0
110,JFK,2015-02-25,0,40.640,-73.779,Clear,20,23,15,18,7,10,W,0.0,80,6,1010,6,0.0
111,LGA,2015-02-25,0,40.780,-73.870,Clear,14,18,11,15,5,9,WSW,0.0,87,6,1010,3,0.0
112,JFK,2015-02-26,0,40.640,-73.779,Partly cloudy,29,29,20,25,10,14,NE,0.0,83,6,1016,49,0.0
113,LGA,2015-02-26,0,40.780,-73.870,Partly cloudy,26,26,18,23,8,13,NNE,0.0,87,6,1017,56,0.0
114,JFK,2015-02-27,0,40.640,-73.780,Partly cloudy,21,22,13,18,8,11,N,0.0,83,6,1022,44,0.0
115,LGA,2015-02-27,0,40.780,-73.870,Cloudy,19,20,11,16,7,12,N,0.0,87,6,1022,69,0.0
116,JFK,2015-02-28,0,40.640,-73.780,Clear,19,20,8,13,12,17,NNW,0.0,73,6,1038,1,0.0
117,LGA,2015-02-28,0,40.780,-73.870,Clear,16,16,3,11,10,18,NNW,0.0,80,6,1038,1,0.0
118,JFK,2015-03-01,0,40.640,-73.779,Clear,21,24,17,19,6,8,W,0.0,80,6,1040,7,0.9
119,LGA,2015-03-01,0,40.780,-73.870,Clear,16,19,12,15,5,10,W,0.0,85,6,1040,7,0.1
120,JFK,2015-03-02,0,40.640,-73.780,Mist,29,30,25,29,5,7,W,0.0,95,1,1020,100,0.0
121,LGA,2015-03-02,0,40.780,-73.870,Mist,28,29,25,28,4,5,W,0.0,96,1,1020,100,0.0
122,JFK,2015-03-03,0,40.640,-73.780,Clear,25,28,17,21,11,15,NW,0.0,77,6,1029,0,0.0
123,LGA,2015-03-03,0,40.780,-73.870,Clear,22,24,14,19,9,16,NW,0.0,82,6,1029,0,0.4
124,JFK,2015-03-04,0,40.640,-73.780,Overcast,36,36,27,34,14,23,WSW,0.0,94,6,1009,100,0.0
125,LGA,2015-03-04,0,40.780,-73.870,Overcast,35,35,26,34,12,20,WSW,0.0,96,6,1009,100,0.0
126,JFK,2015-03-05,0,40.640,-73.780,Fog,37,37,32,37,7,13,WNW,0.0,98,0,1013,100,4.0
127,LGA,2015-03-05,0,40.780,-73.870,Fog,36,37,32,36,6,11,WNW,0.0,99,0,1013,100,0.0
128,JFK,2015-03-06,0,40.640,-73.780,Clear,19,19,4,14,16,23,NNW,0.0,80,6,1029,0,0.0
129,LGA,2015-03-06,0,40.780,-73.870,Clear,16,16,2,12,13,23,NNW,0.0,84,6,1029,0,0.0
130,JFK,2015-03-07,0,40.640,-73.780,Clear,19,19,6,15,14,23,W,0.0,84,6,1028,11,0.0
131,LGA,2015-03-07,0,40.780,-73.870,Clear,15,15,2,12,11,22,W,0.0,88,6,1028,13,0.0
132,JFK,2015-03-08,0,40.640,-73.780,Mist,34,35,30,34,5,10,WSW,0.0,95,1,1018,97,0.0
133,LGA,2015-03-08,0,40.780,-73.870,Mist,32,33,29,32,4,8,WSW,0.0,96,1,1018,79,0.0
134,JFK,2015-03-09,0,40.640,-73.780,Clear,34,38,35,35,5,9,WSW,0.0,86,6,1021,4,0.0
135,LGA,2015-03-09,0,40.780,-73.870,Clear,30,33,29,30,4,9,WSW,0.0,89,6,1021,9,0.0
136,JFK,2015-03-10,0,40.640,-73.780,Fog,34,35,28,31,8,12,NNW,0.0,88,1,1026,79,0.0
137,LGA,2015-03-10,0,40.780,-73.870,Fog,33,33,27,30,7,11,NNW,0.0,88,1,1026,78,0.0
138,JFK,2015-03-11,0,40.640,-73.780,Partly cloudy,39,40,34,35,10,17,S,0.0,82,5,1018,49,0.0
139,LGA,2015-03-11,0,40.780,-73.870,Partly cloudy,38,39,33,34,9,15,SSW,0.0,84,5,1018,48,0.0
140,JFK,2015-03-12,0,40.640,-73.780,Partly cloudy,40,41,35,37,10,17,S,0.0,83,6,1018,36,0.0
141,LGA,2015-03-12,0,40.780,-73.870,Partly cloudy,39,40,34,36,9,14,S,0.0,86,5,1018,40,0.0
142,JFK,2015-03-13,0,40.640,-73.780,Partly cloudy,37,39,31,33,12,18,SSW,0.0,81,6,1015,42,0.0
143,LGA,2015-03-13,0,40.780,-73.870,Partly cloudy,36,37,31,32,10,16,SSW,0.0,82,5,1015,41,0.0
144,JFK,2015-03-14,0,40.640,-73.780,Partly cloudy,38,39,33,34,11,17,SSW,0.0,81,6,1016,38,0.0
145,LGA,2015-03-14,0,40.776,-73.873,Partly cloudy,37,38,32,33,9,14,SSW,0.0,83,5,1016,39,0.0
146,JFK,2015-03-15,0,40.640,-73.780,Cloudy,38,39,32,34,13,20,SSE,0.0,82,6,1012,65,0.0
147,LGA,2015-03-15,0,40.780,-73.870,Cloudy,37,38,31,33,11,17,SSE,0.0,83,6,1012,61,0.0
148,JFK,2015-03-16,0,40.640,-73.780,Cloudy,39,39,33,35,10,15,SSW,0.0,84,6,1015,57,0.0
149,LGA,2015-03-16,0,40.780,-73.870,Cloudy,37,38,32,34,8,13,S,0.0,86,5,1015,57,0.0
150,JFK,2015-03-17,0,40.640,-73.780,Partly cloudy,37,39,33,33,10,15,SW,0.0,80,5,1019,29,0.0
151,LGA,2015-03-17,0,40.776,-73.873,Partly cloudy,36,38,32,32,9,14,SW,0.0,82,5,1019,27,0.0
152,JFK,2015-03-18,0,40.640,-73.780,Clear,39,42,38,34,7,11,SSE,0.0,74,5,1021,14,0.0
153,LGA,2015-03-18,0,40.776,-73.873,Clear,37,40,36,33,6,10,SSE,0.0,77,5,1021,13,0.0
154,JFK,2015-03-19,0,40.640,-73.779,Partly cloudy,40,41,34,33,12,20,SSW,0.0,75,6,1019,36,0.0
155,LGA,2015-03-19,0,40.780,-73.870,Patchy rain possible,39,40,33,33,10,17,SSW,0.0,77,5,1020,65,0.0
156,JFK,2015-03-20,0,40.640,-73.779,Partly cloudy,34,36,30,28,7,10,ENE,0.0,73,6,1028,26,0.4
157,LGA,2015-03-20,0,40.780,-73.870,Partly cloudy,33,34,28,27,6,10,ENE,0.0,75,6,1028,29,0.0
158,JFK,2015-03-21,0,40.640,-73.780,Overcast,31,31,22,29,11,15,NNE,0.0,90,6,1019,100,0.0
159,LGA,2015-03-21,0,40.776,-73.873,Overcast,30,30,22,28,9,12,NNE,0.0,89,6,1020,100,0.0
160,JFK,2015-03-22,0,40.640,-73.780,Clear,38,38,31,36,13,22,NW,0.0,91,6,1014,0,0.0
161,LGA,2015-03-22,0,40.776,-73.873,Clear,36,36,28,34,12,22,NW,0.0,91,6,1014,0,0.0
162,JFK,2015-03-23,0,40.640,-73.780,Clear,28,28,16,16,15,21,NNW,0.0,60,6,1023,20,0.0
163,LGA,2015-03-23,0,40.780,-73.870,Clear,26,26,15,15,13,18,NNW,0.0,61,6,1023,14,0.0
164,JFK,2015-03-24,0,40.640,-73.779,Partly cloudy,30,31,23,20,9,11,NNE,0.0,62,6,1025,34,0.0
165,LGA,2015-03-24,0,40.780,-73.870,Partly cloudy,29,30,22,19,8,10,NNE,0.0,63,6,1025,31,0.0
166,JFK,2015-03-25,0,40.640,-73.780,Clear,34,44,42,34,4,5,WSW,0.0,68,6,1030,0,0.0
167,LGA,2015-03-25,0,40.780,-73.870,Clear,32,41,40,33,3,3,W,0.0,73,6,1030,0,0.0
168,JFK,2015-03-26,0,40.640,-73.779,Mist,39,40,40,39,2,3,NNW,0.0,96,1,1019,100,0.0
169,LGA,2015-03-26,0,40.780,-73.870,Mist,38,39,39,38,1,2,N,0.0,96,1,1019,100,0.0
170,JFK,2015-03-27,0,40.640,-73.780,Cloudy,41,42,36,39,9,15,N,0.0,92,6,1006,75,0.0
171,LGA,2015-03-27,0,40.780,-73.870,Partly cloudy,41,41,36,39,8,12,N,0.0,93,6,1006,62,0.0
172,JFK,2015-03-28,0,40.640,-73.780,Overcast,37,38,30,33,12,19,N,0.0,83,6,1008,89,0.1
173,LGA,2015-03-28,0,40.780,-73.870,Cloudy,36,36,28,32,11,18,NNW,0.0,85,6,1009,69,0.0
174,JFK,2015-03-29,0,40.640,-73.779,Overcast,29,29,17,21,15,20,NNW,0.0,74,6,1021,100,0.0
175,LGA,2015-03-29,0,40.780,-73.870,Overcast,28,28,17,20,13,17,NNW,0.0,72,6,1021,100,0.0
176,JFK,2015-03-30,0,40.640,-73.780,Partly cloudy,36,36,27,23,13,22,SW,0.0,60,6,1019,54,0.0
177,LGA,2015-03-30,0,40.776,-73.873,Partly cloudy,34,34,26,21,11,20,SW,0.0,59,6,1019,51,0.0
178,JFK,2015-03-31,0,40.640,-73.779,Clear,40,41,35,37,10,17,WNW,0.0,85,6,1011,7,0.0
179,LGA,2015-03-31,0,40.780,-73.870,Clear,38,39,34,36,9,16,WNW,0.0,87,6,1011,5,0.0
180,JFK,2015-04-01,0,40.640,-73.780,Partly cloudy,36,37,28,33,12,19,NNW,0.0,87,6,1011,25,0.0
181,LGA,2015-04-01,0,40.780,-73.870,Clear,35,35,27,32,10,18,NW,0.0,88,6,1011,18,0.0
182,JFK,2015-04-02,0,40.640,-73.780,Clear,38,44,43,38,2,4,WNW,0.0,82,6,1024,6,0.0
183,LGA,2015-04-02,0,40.780,-73.870,Clear,36,40,40,36,2,4,WNW,0.0,83,6,1024,6,0.0
184,JFK,2015-04-03,0,40.640,-73.780,Cloudy,50,50,45,44,17,35,SSW,0.0,79,6,1012,80,0.0
185,LGA,2015-04-03,0,40.780,-73.870,Cloudy,52,52,47,46,14,29,SW,0.0,79,6,1012,78,0.0
186,JFK,2015-04-04,0,40.640,-73.780,Overcast,49,49,46,49,9,19,SSW,0.0,100,6,1000,100,0.0
187,LGA,2015-04-04,0,40.780,-73.870,Fog,50,51,49,51,6,12,SSW,0.0,100,0,1000,100,0.0
188,JFK,2015-04-05,0,40.640,-73.780,Partly cloudy,39,41,37,35,5,9,WSW,0.0,81,6,1022,30,0.0
189,LGA,2015-04-05,0,40.780,-73.870,Partly cloudy,37,38,35,34,4,8,WSW,0.0,84,6,1021,35,0.0
190,JFK,2015-04-06,0,40.640,-73.780,Clear,42,45,40,42,8,13,ENE,0.0,89,6,1025,8,0.0
191,LGA,2015-04-06,0,40.780,-73.870,Clear,41,43,39,41,6,11,ENE,0.0,92,6,1025,9,0.0
192,JFK,2015-04-07,0,40.640,-73.779,Clear,48,49,46,46,7,16,SSW,0.0,88,6,1021,20,0.0
193,LGA,2015-04-07,0,40.776,-73.873,Partly cloudy,47,49,48,46,4,8,SSW,0.0,90,6,1021,26,0.0
194,JFK,2015-04-08,0,40.640,-73.780,Overcast,42,42,35,40,13,18,ENE,0.0,92,6,1027,100,0.0
195,LGA,2015-04-08,0,40.780,-73.870,Overcast,42,42,35,39,11,15,ENE,0.0,92,6,1027,100,0.0
196,JFK,2015-04-09,0,40.640,-73.780,Overcast,39,39,30,36,14,20,NE,0.0,91,6,1024,100,0.0
197,LGA,2015-04-09,0,40.780,-73.870,Overcast,38,38,31,36,11,16,NE,0.0,91,6,1024,100,0.0
198,JFK,2015-04-10,0,40.640,-73.780,Overcast,40,40,33,38,12,17,ESE,0.0,91,6,1022,100,0.0
199,LGA,2015-04-10,0,40.780,-73.870,Overcast,40,40,33,37,11,16,ESE,0.0,91,6,1022,100,0.0
200,JFK,2015-04-11,0,40.640,-73.780,Partly cloudy,47,48,43,44,11,23,WNW,0.0,87,6,1011,59,0.0
201,LGA,2015-04-11,0,40.780,-73.870,Partly cloudy,47,47,43,44,9,18,WNW,0.0,88,6,1011,36,0.0
202,JFK,2015-04-12,0,40.640,-73.780,Clear,42,48,45,41,7,8,NW,0.0,76,6,1024,0,0.0
203,LGA,2015-04-12,0,40.780,-73.870,Clear,41,45,42,39,6,9,NW,0.0,77,6,1024,0,0.0
204,JFK,2015-04-13,0,40.640,-73.780,Partly cloudy,47,48,45,42,10,17,SSW,0.0,79,6,1017,34,0.0
205,LGA,2015-04-13,0,40.780,-73.870,Partly cloudy,46,48,44,41,8,14,SSW,0.0,79,6,1018,34,0.0
206,JFK,2015-04-14,0,40.640,-73.779,Partly cloudy,48,50,47,44,8,14,SSW,0.0,80,5,1019,30,0.0
207,LGA,2015-04-14,0,40.780,-73.870,Partly cloudy,47,49,47,43,7,13,SSW,0.0,80,4,1019,32,0.0
208,JFK,2015-04-15,0,40.640,-73.780,Partly cloudy,48,49,44,43,12,20,SE,0.0,80,6,1021,47,0.0
209,LGA,2015-04-15,0,40.776,-73.873,Partly cloudy,48,48,44,42,10,18,SE,0.0,80,6,1021,48,0.0
210,JFK,2015-04-16,0,40.640,-73.780,Partly cloudy,49,50,47,39,8,17,NNE,0.0,64,6,1029,51,0.0
211,LGA,2015-04-16,0,40.776,-73.873,Partly cloudy,49,49,46,38,8,16,NNE,0.0,64,6,1029,47,0.0
212,JFK,2015-04-17,0,40.640,-73.780,Partly cloudy,51,51,48,45,9,19,S,0.0,78,6,1023,55,0.0
213,LGA,2015-04-17,0,40.780,-73.870,Cloudy,51,51,49,45,7,14,S,0.0,79,6,1023,86,0.0
214,JFK,2015-04-18,0,40.640,-73.780,Clear,53,55,53,50,6,13,N,0.0,83,6,1015,18,0.0
215,LGA,2015-04-18,0,40.780,-73.870,Clear,53,54,53,49,5,11,N,0.0,83,6,1015,11,0.0
216,JFK,2015-04-19,0,40.640,-73.780,Clear,53,54,51,42,12,23,NNE,0.0,63,6,1019,0,0.0
217,LGA,2015-04-19,0,40.780,-73.870,Clear,52,52,49,40,11,23,NNE,0.0,64,6,1019,0,0.0
218,JFK,2015-04-20,0,40.640,-73.780,Overcast,46,47,40,42,17,26,E,0.0,85,6,1019,100,0.0
219,LGA,2015-04-20,0,40.780,-73.870,Overcast,46,46,40,41,15,22,E,0.0,84,6,1019,100,0.0
220,JFK,2015-04-21,0,40.640,-73.780,Mist,50,52,53,51,2,4,SE,0.0,97,1,1001,65,0.0
221,LGA,2015-04-21,0,40.780,-73.870,Mist,51,51,51,51,3,7,ENE,0.0,97,1,1001,75,0.0
222,JFK,2015-04-22,0,40.640,-73.780,Partly cloudy,49,50,48,44,6,13,WSW,0.0,78,6,1009,46,0.0
223,LGA,2015-04-22,0,40.780,-73.870,Partly cloudy,49,50,49,43,4,9,WSW,0.0,77,6,1009,43,0.0
224,JFK,2015-04-23,0,40.640,-73.780,Clear,44,44,38,38,14,23,WNW,0.0,79,6,1006,5,0.0
225,LGA,2015-04-23,0,40.780,-73.870,Clear,43,43,37,38,12,21,WNW,0.0,80,6,1006,5,0.0
226,JFK,2015-04-24,0,40.640,-73.780,Clear,40,40,32,29,15,23,NW,0.0,64,6,1010,22,0.0
227,LGA,2015-04-24,0,40.780,-73.870,Clear,38,38,30,28,13,20,NW,0.0,67,6,1011,19,0.0
228,JFK,2015-04-25,0,40.640,-73.780,Clear,38,40,32,26,12,16,NW,0.0,59,6,1013,3,0.0
229,LGA,2015-04-25,0,40.780,-73.870,Clear,36,37,30,25,10,16,NW,0.0,62,6,1013,3,0.0
230,JFK,2015-04-26,0,40.640,-73.780,Clear,45,46,42,38,9,14,NNE,0.0,73,6,1005,19,0.0
231,LGA,2015-04-26,0,40.780,-73.870,Clear,44,44,39,36,9,16,NNE,0.0,73,6,1005,18,0.0
232,JFK,2015-04-27,0,40.640,-73.779,Clear,45,46,42,39,9,15,NW,0.0,76,6,1006,23,0.0
233,LGA,2015-04-27,0,40.780,-73.870,Clear,44,44,40,38,8,14,NW,0.0,77,6,1006,20,0.0
234,JFK,2015-04-28,0,40.640,-73.780,Partly cloudy,50,52,49,47,8,14,SSW,0.0,82,5,1016,30,0.0
235,LGA,2015-04-28,0,40.780,-73.870,Partly cloudy,49,51,48,46,7,12,SSW,0.0,83,5,1016,32,0.0
236,JFK,2015-04-29,0,40.640,-73.780,Clear,52,54,52,48,8,17,WNW,0.0,78,6,1007,6,0.0
237,LGA,2015-04-29,0,40.780,-73.870,Clear,52,53,50,47,8,17,WNW,0.0,81,6,1007,6,0.0
238,JFK,2015-04-30,0,40.640,-73.780,Clear,49,50,46,46,11,16,ENE,0.0,84,6,1007,5,0.0
239,LGA,2015-04-30,0,40.776,-73.873,Clear,48,49,45,44,10,15,ENE,0.0,83,6,1007,6,0.0
240,JFK,2015-05-01,0,40.640,-73.779,Partly cloudy,49,50,47,44,7,9,E,0.0,78,6,1013,51,0.0
241,LGA,2015-05-01,0,40.780,-73.870,Cloudy,49,50,48,43,5,7,E,0.0,77,6,1013,67,0.0
242,JFK,2015-05-02,0,40.640,-73.780,Clear,45,47,46,42,3,4,NE,0.0,83,6,1015,18,0.0
243,LGA,2015-05-02,0,40.776,-73.873,Clear,44,46,46,42,2,3,NNE,0.0,86,6,1015,24,0.0
244,JFK,2015-05-03,0,40.640,-73.779,Clear,48,53,51,46,5,6,SW,0.0,79,6,1017,4,0.0
245,LGA,2015-05-03,0,40.780,-73.870,Clear,47,51,49,45,4,5,SW,0.0,80,6,1017,4,0.0
246,JFK,2015-05-04,0,40.640,-73.780,Clear,53,55,53,49,6,12,SSW,0.0,82,6,1022,18,0.0
247,LGA,2015-05-04,0,40.776,-73.873,Clear,52,54,53,50,4,9,SSW,0.0,85,6,1022,16,0.0
248,JFK,2015-05-05,0,40.640,-73.780,Clear,60,61,61,50,12,24,SW,0.0,68,6,1022,8,0.0
249,LGA,2015-05-05,0,40.780,-73.870,Clear,61,61,61,50,9,19,SW,0.0,66,6,1021,9,0.0
250,JFK,2015-05-06,0,40.640,-73.780,Partly cloudy,61,62,62,52,8,16,N,0.0,71,6,1023,45,0.0
251,LGA,2015-05-06,0,40.780,-73.870,Partly cloudy,62,62,62,51,7,15,N,0.0,67,6,1023,46,0.0
252,JFK,2015-05-07,0,40.640,-73.779,Clear,53,60,60,55,1,2,NNW,0.0,83,6,1024,3,0.0
253,LGA,2015-05-07,0,40.780,-73.870,Clear,51,61,61,56,1,2,NW,0.0,84,6,1024,2,0.0
254,JFK,2015-05-08,0,40.640,-73.780,Mist,54,57,57,56,4,7,SW,0.0,94,1,1021,12,0.0
255,LGA,2015-05-08,0,40.780,-73.870,Mist,54,57,57,55,4,6,SW,0.0,95,1,1021,7,0.0
256,JFK,2015-05-09,0,40.640,-73.780,Fog,56,57,56,57,6,11,E,0.0,98,0,1024,100,0.0
257,LGA,2015-05-09,0,40.780,-73.870,Fog,55,56,56,56,4,8,ESE,0.0,99,0,1024,100,0.0
258,JFK,2015-05-10,0,40.640,-73.780,Mist,57,59,59,58,3,5,SSW,0.0,96,1,1024,42,0.0
259,LGA,2015-05-10,0,40.780,-73.870,Fog,57,58,59,57,2,4,SSW,0.0,97,0,1024,100,0.0
260,JFK,2015-05-11,0,40.640,-73.780,Clear,62,63,63,61,9,19,SSW,0.0,92,6,1021,18,0.0
261,LGA,2015-05-11,0,40.780,-73.870,Mist,63,64,64,62,7,14,SSW,0.0,94,1,1021,28,0.0
262,JFK,2015-05-12,0,40.640,-73.780,Fog,60,61,61,61,2,4,E,0.0,98,0,1012,100,0.0
263,LGA,2015-05-12,0,40.780,-73.870,Fog,61,62,62,61,1,2,ENE,0.0,98,0,1012,100,0.0
264,JFK,2015-05-13,0,40.640,-73.780,Clear,59,62,62,50,11,16,NW,0.0,66,6,1013,0,0.0
265,LGA,2015-05-13,0,40.776,-73.873,Clear,58,59,57,47,10,16,NW,0.0,64,6,1013,0,0.0
266,JFK,2015-05-14,0,40.640,-73.780,Clear,53,53,49,42,13,20,N,0.0,66,6,1026,19,0.0
267,LGA,2015-05-14,0,40.780,-73.870,Clear,51,51,47,40,11,18,N,0.0,66,6,1026,16,0.0
268,JFK,2015-05-15,0,40.640,-73.779,Partly cloudy,54,55,52,47,8,15,WSW,0.0,76,6,1026,32,0.0
269,LGA,2015-05-15,0,40.780,-73.870,Partly cloudy,51,52,50,45,7,14,WSW,0.0,78,6,1026,32,0.0
270,JFK,2015-05-16,0,40.640,-73.779,Overcast,58,59,58,55,7,12,SW,0.0,86,6,1023,88,0.0
271,LGA,2015-05-16,0,40.780,-73.870,Overcast,58,59,58,55,5,9,SW,0.0,87,6,1023,89,0.0
272,JFK,2015-05-17,0,40.640,-73.780,Overcast,62,63,63,61,3,7,SSW,0.0,93,6,1020,100,0.0
273,LGA,2015-05-17,0,40.776,-73.873,Mist,63,64,64,62,2,5,SSW,0.0,94,1,1020,100,0.0
274,JFK,2015-05-18,0,40.640,-73.780,Partly cloudy,63,65,65,62,4,8,WSW,0.0,92,6,1020,28,0.0
275,LGA,2015-05-18,0,40.780,-73.870,Partly cloudy,63,65,65,62,3,6,W,0.0,92,6,1020,29,0.0
276,JFK,2015-05-19,0,40.640,-73.779,Overcast,58,59,58,56,5,6,E,0.0,91,6,1018,100,0.0
277,LGA,2015-05-19,0,40.776,-73.873,Overcast,57,58,58,55,4,6,E,0.0,90,6,1017,100,0.0
278,JFK,2015-05-20,0,40.640,-73.780,Clear,62,62,62,58,13,24,NNW,0.0,87,6,1010,22,0.0
279,LGA,2015-05-20,0,40.780,-73.870,Clear,61,61,61,57,11,21,NNW,0.0,87,6,1010,11,0.0
280,JFK,2015-05-21,0,40.640,-73.780,Partly cloudy,52,53,52,41,6,9,N,0.0,64,6,1015,58,0.0
281,LGA,2015-05-21,0,40.776,-73.873,Partly cloudy,50,51,49,40,5,9,N,0.0,66,6,1016,51,0.0
282,JFK,2015-05-22,0,40.640,-73.780,Overcast,53,54,53,50,4,6,W,0.0,86,6,1012,100,0.0
283,LGA,2015-05-22,0,40.776,-73.873,Partly cloudy,53,54,53,49,4,6,WNW,0.0,84,6,1012,47,0.0
284,JFK,2015-05-23,0,40.640,-73.780,Clear,55,55,50,38,15,25,NNW,0.0,54,6,1023,0,0.0
285,LGA,2015-05-23,0,40.780,-73.870,Clear,53,53,48,36,14,25,NNW,0.0,52,6,1023,0,0.0
286,JFK,2015-05-24,0,40.640,-73.779,Cloudy,54,55,51,45,11,21,WSW,0.0,70,6,1028,73,0.0
287,LGA,2015-05-24,0,40.780,-73.870,Cloudy,52,52,49,42,9,18,WSW,0.0,67,6,1028,72,0.0
288,JFK,2015-05-25,0,40.640,-73.780,Partly cloudy,59,60,60,55,9,18,SW,0.0,86,6,1025,47,0.0
289,LGA,2015-05-25,0,40.780,-73.870,Partly cloudy,58,58,58,55,6,14,SW,0.0,87,6,1025,48,0.0
290,JFK,2015-05-26,0,40.640,-73.779,Clear,62,63,63,56,13,27,SSW,0.0,78,6,1023,7,0.0
291,LGA,2015-05-26,0,40.780,-73.870,Clear,63,63,63,56,11,22,SSW,0.0,77,6,1022,9,0.0
292,JFK,2015-05-27,0,40.640,-73.780,Partly cloudy,63,64,64,60,9,19,SSW,0.0,87,6,1022,28,0.0
293,LGA,2015-05-27,0,40.780,-73.870,Partly cloudy,64,64,64,60,7,15,SSW,0.0,87,6,1022,39,0.0
294,JFK,2015-05-28,0,40.640,-73.780,Partly cloudy,63,64,64,63,8,16,SSW,0.0,96,6,1021,51,0.0
295,LGA,2015-05-28,0,40.780,-73.870,Fog,63,64,64,63,6,12,SSW,0.0,97,0,1021,100,0.0
296,JFK,2015-05-29,0,40.640,-73.780,Clear,63,66,66,59,9,17,NNE,0.0,79,6,1024,2,0.0
297,LGA,2015-05-29,0,40.780,-73.870,Clear,62,66,66,59,7,14,NNE,0.0,79,6,1024,2,0.0
298,JFK,2015-05-30,0,40.640,-73.780,Clear,62,64,64,61,6,10,SSW,0.0,92,6,1023,18,0.0
299,LGA,2015-05-30,0,40.776,-73.873,Mist,61,63,63,61,4,8,SSW,0.0,94,1,1023,15,0.0
300,JFK,2015-05-31,0,40.640,-73.780,Clear,65,66,66,62,12,22,SSW,0.0,89,6,1018,6,0.0
301,LGA,2015-05-31,0,40.776,-73.873,Clear,66,66,66,62,10,18,SSW,0.0,89,6,1018,9,0.0
302,JFK,2015-06-01,0,40.640,-73.780,Overcast,58,58,55,56,15,22,ENE,0.0,92,6,1019,100,0.0
303,LGA,2015-06-01,0,40.780,-73.870,Overcast,57,57,54,55,13,19,ENE,0.0,92,6,1019,100,0.0
304,JFK,2015-06-02,0,40.640,-73.780,Overcast,52,52,48,50,14,19,NE,0.0,93,6,1020,100,0.0
305,LGA,2015-06-02,0,40.780,-73.870,Overcast,51,51,47,49,12,16,NE,0.0,94,6,1020,100,0.0
306,JFK,2015-06-03,0,40.640,-73.780,Cloudy,52,53,50,50,9,13,ENE,0.0,88,6,1022,75,0.0
307,LGA,2015-06-03,0,40.780,-73.870,Partly cloudy,51,51,49,49,6,11,ENE,0.0,92,6,1022,52,0.0
308,JFK,2015-06-04,0,40.640,-73.780,Partly cloudy,54,55,54,52,7,11,ENE,0.0,87,6,1024,46,0.0
309,LGA,2015-06-04,0,40.780,-73.870,Partly cloudy,52,53,52,51,5,9,ENE,0.0,91,6,1024,30,0.0
310,JFK,2015-06-05,0,40.640,-73.780,Overcast,55,56,54,52,8,12,ENE,0.0,89,6,1021,100,0.0
311,LGA,2015-06-05,0,40.780,-73.870,Overcast,55,55,54,52,6,10,ENE,0.0,89,6,1021,100,0.0
312,JFK,2015-06-06,0,40.640,-73.780,Clear,56,59,59,57,1,1,WNW,0.0,94,6,1012,24,0.0
313,LGA,2015-06-06,0,40.780,-73.870,Mist,56,58,58,56,1,2,W,0.0,95,1,1012,27,0.0
314,JFK,2015-06-07,0,40.640,-73.780,Clear,57,69,69,64,2,2,NE,0.0,87,6,1020,0,0.0
315,LGA,2015-06-07,0,40.780,-73.870,Clear,55,64,64,58,3,3,NNE,0.0,82,6,1020,0,0.0
316,JFK,2015-06-08,0,40.640,-73.780,Partly cloudy,60,60,60,54,11,18,S,0.0,80,6,1019,37,0.0
317,LGA,2015-06-08,0,40.780,-73.870,Partly cloudy,59,59,57,53,9,16,SSW,0.0,81,6,1019,42,0.0
318,JFK,2015-06-09,0,40.640,-73.780,Partly cloudy,64,64,64,62,9,17,SSW,0.0,92,6,1008,34,0.0
319,LGA,2015-06-09,0,40.780,-73.870,Partly cloudy,64,65,65,63,7,13,SSW,0.0,93,6,1008,39,0.0
320,JFK,2015-06-10,0,40.640,-73.779,Clear,63,66,66,61,5,10,WNW,0.0,85,6,1010,7,0.0
321,LGA,2015-06-10,0,40.780,-73.870,Clear,62,65,65,61,4,9,WNW,0.0,87,6,1010,7,0.0
322,JFK,2015-06-11,0,40.640,-73.779,Partly cloudy,67,67,67,61,10,22,SW,0.0,82,6,1012,43,0.0
323,LGA,2015-06-11,0,40.776,-73.873,Partly cloudy,67,67,67,61,9,18,SW,0.0,82,6,1011,46,0.0
324,JFK,2015-06-12,0,40.640,-73.780,Clear,70,77,73,67,5,11,WSW,0.0,80,6,1014,7,0.0
325,LGA,2015-06-12,0,40.780,-73.870,Clear,70,77,74,67,3,6,NW,0.0,79,6,1014,8,0.0
326,JFK,2015-06-13,0,40.640,-73.780,Clear,71,76,72,67,12,25,WSW,0.0,85,6,1010,11,0.0
327,LGA,2015-06-13,0,40.780,-73.870,Clear,73,77,73,68,10,21,WSW,0.0,84,6,1010,14,0.0
328,JFK,2015-06-14,0,40.640,-73.779,Clear,65,68,68,64,6,11,SSW,0.0,87,6,1017,7,0.0
329,LGA,2015-06-14,0,40.780,-73.870,Clear,64,67,67,63,4,9,SSW,0.0,88,6,1017,6,0.0
330,JFK,2015-06-15,0,40.640,-73.780,Overcast,67,67,67,64,11,20,S,0.0,89,6,1016,99,0.0
331,LGA,2015-06-15,0,40.780,-73.870,Light rain,66,67,67,64,9,16,S,0.0,92,5,1016,100,0.0
332,JFK,2015-06-16,0,40.640,-73.780,Mist,64,65,65,64,5,8,NE,0.0,96,1,1014,91,0.0
333,LGA,2015-06-16,0,40.780,-73.870,Mist,64,64,64,63,4,6,NE,0.0,97,1,1014,90,0.0
334,JFK,2015-06-17,0,40.640,-73.780,Clear,68,76,72,67,6,9,NNW,0.0,86,6,1015,4,0.0
335,LGA,2015-06-17,0,40.780,-73.870,Clear,67,76,71,67,5,9,NNW,0.0,88,6,1015,2,0.0
336,JFK,2015-06-18,0,40.640,-73.780,Partly cloudy,64,65,65,61,7,10,SE,0.0,86,6,1020,51,0.0
337,LGA,2015-06-18,0,40.780,-73.870,Partly cloudy,63,64,64,60,6,9,SE,0.0,89,6,1020,56,0.0
338,JFK,2015-06-19,0,40.640,-73.780,Partly cloudy,65,66,66,64,4,7,S,0.0,93,6,1013,53,0.0
339,LGA,2015-06-19,0,40.780,-73.870,Mist,64,65,65,63,4,6,S,0.0,95,1,1013,59,0.0
340,JFK,2015-06-20,0,40.640,-73.780,Clear,67,68,68,61,10,18,NNE,0.0,77,6,1017,14,0.0
341,LGA,2015-06-20,0,40.780,-73.870,Clear,66,67,67,60,9,17,NNE,0.0,78,6,1017,13,0.0
342,JFK,2015-06-21,0,40.640,-73.780,Partly cloudy,69,70,70,68,11,21,SSE,0.0,93,6,1010,52,0.0
343,LGA,2015-06-21,0,40.780,-73.870,Mist,69,69,69,68,8,14,SSE,0.0,95,1,1010,77,0.0
344,JFK,2015-06-22,0,40.640,-73.780,Clear,71,77,73,69,8,15,WNW,0.0,88,6,1011,8,0.0
345,LGA,2015-06-22,0,40.776,-73.873,Clear,70,76,72,68,7,13,NW,0.0,90,6,1011,7,0.0
346,JFK,2015-06-23,0,40.640,-73.780,Clear,71,78,74,68,7,15,SW,0.0,82,6,1015,4,0.0
347,LGA,2015-06-23,0,40.780,-73.870,Clear,69,77,73,67,5,11,SW,0.0,83,6,1015,4,0.0
348,JFK,2015-06-24,0,40.640,-73.780,Clear,70,77,73,70,8,11,NNW,0.0,90,6,1012,3,0.0
349,LGA,2015-06-24,0,40.780,-73.870,Clear,69,77,73,69,8,11,NNW,0.0,89,6,1013,0,0.0
350,JFK,2015-06-25,0,40.640,-73.780,Clear,68,76,72,65,6,9,NNW,0.0,77,6,1017,3,0.0
351,LGA,2015-06-25,0,40.776,-73.873,Clear,65,69,69,62,5,10,NNW,0.0,79,6,1017,2,0.0
352,JFK,2015-06-26,0,40.640,-73.779,Overcast,68,70,70,64,3,6,W,0.0,83,6,1014,88,0.0
353,LGA,2015-06-26,0,40.780,-73.870,Overcast,67,68,68,62,3,6,W,0.0,81,6,1014,91,0.0
354,JFK,2015-06-27,0,40.640,-73.779,Clear,67,69,69,64,4,6,ESE,0.0,83,6,1019,19,0.0
355,LGA,2015-06-27,0,40.780,-73.870,Partly cloudy,65,66,66,62,3,6,ESE,0.0,87,6,1019,26,0.0
356,JFK,2015-06-28,0,40.640,-73.780,Overcast,67,67,67,63,19,27,E,0.0,90,6,1007,100,0.0
357,LGA,2015-06-28,0,40.776,-73.873,Overcast,65,65,65,62,17,25,ENE,0.0,90,6,1008,100,0.0
358,JFK,2015-06-29,0,40.640,-73.779,Clear,66,66,66,61,16,26,W,0.0,84,6,1008,17,0.0
359,LGA,2015-06-29,0,40.776,-73.873,Clear,64,64,64,60,13,23,W,0.0,87,6,1008,17,0.0
360,JFK,2015-06-30,0,40.640,-73.780,Clear,68,69,69,63,8,16,SW,0.0,81,6,1014,20,0.0
361,LGA,2015-06-30,0,40.776,-73.873,Partly cloudy,65,66,66,61,6,14,SW,0.0,83,6,1014,25,0.0
362,JFK,2015-07-01,0,40.640,-73.779,Partly cloudy,70,76,71,69,10,18,SSE,0.0,94,6,1010,27,0.0
363,LGA,2015-07-01,0,40.780,-73.870,Mist,69,69,69,68,6,11,SSE,0.0,96,1,1010,43,0.0
364,JFK,2015-07-02,0,40.640,-73.780,Clear,70,76,72,66,6,12,WNW,0.0,81,6,1012,14,0.0
365,LGA,2015-07-02,0,40.780,-73.870,Clear,68,70,70,64,6,11,NW,0.0,83,6,1012,12,0.0
366,JFK,2015-07-03,0,40.640,-73.780,Clear,68,76,71,63,6,8,NNW,0.0,78,6,1013,11,0.0
367,LGA,2015-07-03,0,40.780,-73.870,Clear,66,68,68,60,6,9,NNW,0.0,76,6,1013,12,0.0
368,JFK,2015-07-04,0,40.640,-73.780,Overcast,69,76,70,65,6,9,SE,0.0,83,6,1015,100,0.0
369,LGA,2015-07-04,0,40.780,-73.870,Overcast,69,69,69,64,5,8,SE,0.0,85,6,1015,100,0.0
370,JFK,2015-07-05,0,40.640,-73.780,Partly cloudy,67,70,70,63,3,4,WSW,0.0,78,6,1017,27,0.0
371,LGA,2015-07-05,0,40.780,-73.870,Partly cloudy,65,67,67,59,3,6,WNW,0.0,76,6,1017,26,0.0
372,JFK,2015-07-06,0,40.640,-73.780,Cloudy,69,70,70,66,5,11,SW,0.0,87,6,1021,69,0.0
373,LGA,2015-07-06,0,40.776,-73.873,Cloudy,66,67,67,64,4,8,SW,0.0,88,6,1021,75,0.0
374,JFK,2015-07-07,0,40.640,-73.780,Fog,72,77,73,72,7,11,SSE,0.0,97,0,1018,100,0.0
375,LGA,2015-07-07,0,40.780,-73.870,Fog,71,76,71,71,5,8,SSE,0.0,98,0,1018,100,0.0
376,JFK,2015-07-08,0,40.640,-73.779,Clear,74,81,76,73,10,17,SSW,0.0,88,6,1014,3,0.0
377,LGA,2015-07-08,0,40.780,-73.870,Clear,73,79,75,71,8,15,SSW,0.0,89,6,1014,4,0.0
378,JFK,2015-07-09,0,40.640,-73.780,Partly cloudy,73,78,74,70,6,11,NNE,0.0,88,6,1014,29,0.0
379,LGA,2015-07-09,0,40.780,-73.870,Partly cloudy,71,76,72,69,6,11,NNE,0.0,90,6,1015,31,0.0
380,JFK,2015-07-10,0,40.640,-73.780,Partly cloudy,73,78,74,72,12,19,W,0.0,94,6,1009,45,0.0
381,LGA,2015-07-10,0,40.780,-73.870,Partly cloudy,72,77,73,71,10,16,W,0.0,96,6,1009,54,0.0
382,JFK,2015-07-11,0,40.640,-73.780,Clear,72,81,77,69,3,4,NNW,0.0,75,6,1016,4,0.0
383,LGA,2015-07-11,0,40.780,-73.870,Clear,70,77,74,65,4,6,N,0.0,74,6,1017,3,0.0
384,JFK,2015-07-12,0,40.640,-73.780,Clear,72,78,74,68,8,12,W,0.0,80,6,1018,7,0.0
385,LGA,2015-07-12,0,40.780,-73.870,Clear,69,76,71,65,6,12,W,0.0,79,6,1018,7,0.0
386,JFK,2015-07-13,0,40.640,-73.780,Clear,73,78,75,66,6,10,WSW,0.0,73,6,1014,9,0.0
387,LGA,2015-07-13,0,40.780,-73.870,Clear,70,77,73,64,4,9,WSW,0.0,74,6,1014,8,0.0
388,JFK,2015-07-14,0,40.640,-73.780,Clear,72,78,74,70,4,5,SE,0.0,87,6,1008,17,0.0
389,LGA,2015-07-14,0,40.780,-73.870,Clear,69,76,72,69,3,5,SE,0.0,89,6,1008,8,0.0
390,JFK,2015-07-15,0,40.640,-73.780,Clear,74,84,78,75,3,3,WSW,0.0,91,6,1002,7,0.0
391,LGA,2015-07-15,0,40.780,-73.870,Clear,72,79,75,72,1,2,WNW,0.0,93,6,1002,15,0.0
392,JFK,2015-07-16,0,40.640,-73.779,Partly cloudy,70,76,70,55,17,24,NNE,0.0,59,6,1012,27,0.0
393,LGA,2015-07-16,0,40.780,-73.870,Clear,68,68,68,53,14,22,NNE,0.0,58,6,1012,24,0.0
394,JFK,2015-07-17,0,40.640,-73.780,Clear,67,69,69,62,6,8,SW,0.0,77,6,1019,11,0.0
395,LGA,2015-07-17,0,40.780,-73.870,Clear,64,66,66,60,4,8,SW,0.0,83,6,1019,12,0.0
396,JFK,2015-07-18,0,40.640,-73.780,Partly cloudy,71,76,71,65,12,18,S,0.0,79,6,1017,37,0.0
397,LGA,2015-07-18,0,40.776,-73.873,Partly cloudy,69,69,69,64,9,16,SSW,0.0,81,6,1017,44,0.0
398,JFK,2015-07-19,0,40.640,-73.780,Clear,73,81,76,74,7,12,SW,0.0,91,6,1011,5,0.0
399,LGA,2015-07-19,0,40.780,-73.870,Clear,72,79,75,72,6,11,SW,0.0,92,6,1011,5,0.0
400,JFK,2015-07-20,0,40.640,-73.779,Clear,78,83,79,72,10,21,WSW,0.0,81,6,1007,14,0.0
401,LGA,2015-07-20,0,40.776,-73.873,Clear,78,83,78,71,9,18,WSW,0.0,78,6,1007,14,0.0
402,JFK,2015-07-21,0,40.640,-73.779,Clear,77,84,80,71,2,5,W,0.0,75,6,1005,16,0.0
403,LGA,2015-07-21,0,40.776,-73.873,Clear,75,81,77,69,1,3,W,0.0,74,6,1005,18,0.0
404,JFK,2015-07-22,0,40.640,-73.780,Clear,73,77,74,62,13,20,NNW,0.0,66,6,1005,1,0.0
405,LGA,2015-07-22,0,40.780,-73.870,Clear,71,76,71,59,11,19,NNW,0.0,66,6,1005,0,0.0
406,JFK,2015-07-23,0,40.640,-73.779,Clear,71,77,74,59,7,11,NNW,0.0,60,6,1012,7,0.0
407,LGA,2015-07-23,0,40.780,-73.870,Clear,68,76,70,57,6,11,NW,0.0,62,6,1012,8,0.0
408,JFK,2015-07-24,0,40.640,-73.780,Clear,71,77,73,59,5,8,NNW,0.0,60,6,1013,23,0.0
409,LGA,2015-07-24,0,40.780,-73.870,Partly cloudy,69,76,71,56,4,8,NNW,0.0,59,6,1013,29,0.0
410,JFK,2015-07-25,0,40.640,-73.780,Clear,71,76,72,61,6,12,W,0.0,68,6,1014,20,0.0
411,LGA,2015-07-25,0,40.780,-73.870,Clear,68,69,69,59,5,10,WNW,0.0,69,6,1014,19,0.0
412,JFK,2015-07-26,0,40.640,-73.780,Clear,72,77,73,66,8,13,SSW,0.0,80,6,1016,24,0.0
413,LGA,2015-07-26,0,40.780,-73.870,Partly cloudy,69,76,70,64,6,12,SSW,0.0,81,6,1016,25,0.0
414,JFK,2015-07-27,0,40.640,-73.780,Clear,73,78,74,70,9,13,SW,0.0,88,6,1015,14,0.0
415,LGA,2015-07-27,0,40.780,-73.870,Clear,71,76,72,69,7,12,SW,0.0,91,6,1015,17,0.0
416,JFK,2015-07-28,0,40.640,-73.780,Partly cloudy,73,78,74,71,5,8,WSW,0.0,91,6,1016,28,0.0
417,LGA,2015-07-28,0,40.780,-73.870,Clear,71,77,73,71,4,7,WSW,0.0,92,6,1016,10,0.0
418,JFK,2015-07-29,0,40.640,-73.780,Clear,74,82,78,73,6,11,WSW,0.0,86,6,1015,6,0.0
419,LGA,2015-07-29,0,40.780,-73.870,Clear,73,80,76,71,4,9,WSW,0.0,85,6,1015,6,0.0
420,JFK,2015-07-30,0,40.640,-73.780,Clear,76,91,82,77,8,9,SW,0.0,85,6,1014,0,0.0
421,LGA,2015-07-30,0,40.776,-73.873,Clear,75,86,80,74,6,8,WSW,0.0,82,6,1014,0,0.0
422,JFK,2015-07-31,0,40.640,-73.780,Clear,74,81,76,73,9,13,WNW,0.0,89,6,1010,5,0.0
423,LGA,2015-07-31,0,40.776,-73.873,Clear,72,78,74,70,7,14,WNW,0.0,89,6,1010,5,0.0
424,JFK,2015-08-01,0,40.640,-73.780,Partly cloudy,75,79,76,64,8,14,WSW,0.0,66,6,1010,28,0.0
425,LGA,2015-08-01,0,40.780,-73.870,Partly cloudy,74,78,75,61,6,13,WSW,0.0,63,6,1010,46,0.0
426,JFK,2015-08-02,0,40.640,-73.780,Clear,73,79,76,65,5,7,NW,0.0,69,6,1011,7,0.0
427,LGA,2015-08-02,0,40.776,-73.873,Clear,70,77,73,63,4,8,NW,0.0,71,6,1011,6,0.0
428,JFK,2015-08-03,0,40.640,-73.780,Clear,74,78,75,63,10,18,SW,0.0,67,6,1012,15,0.0
429,LGA,2015-08-03,0,40.780,-73.870,Clear,72,77,73,59,9,18,SW,0.0,63,6,1011,15,0.0
430,JFK,2015-08-04,0,40.640,-73.779,Clear,75,80,76,69,10,17,WSW,0.0,78,6,1010,18,0.0
431,LGA,2015-08-04,0,40.780,-73.870,Partly cloudy,73,77,74,66,7,14,WSW,0.0,77,6,1010,27,0.0
432,JFK,2015-08-05,0,40.640,-73.779,Clear,73,86,81,73,1,1,NNE,0.0,78,6,1013,2,0.0
433,LGA,2015-08-05,0,40.780,-73.870,Clear,70,78,75,68,1,2,NNE,0.0,80,6,1013,4,0.0
434,JFK,2015-08-06,0,40.640,-73.780,Clear,71,77,74,61,8,11,N,0.0,64,6,1014,4,0.0
435,LGA,2015-08-06,0,40.780,-73.870,Clear,69,76,71,60,6,10,N,0.0,68,6,1014,3,0.0
436,JFK,2015-08-07,0,40.640,-73.780,Clear,72,80,77,65,2,2,ENE,0.0,68,6,1013,7,0.0
437,LGA,2015-08-07,0,40.780,-73.870,Clear,70,77,74,62,3,4,NE,0.0,67,6,1013,5,0.0
438,JFK,2015-08-08,0,40.640,-73.780,Clear,71,76,72,64,9,13,ENE,0.0,76,6,1013,9,0.0
439,LGA,2015-08-08,0,40.776,-73.873,Clear,68,70,70,63,7,12,NE,0.0,79,6,1013,11,0.0
440,JFK,2015-08-09,0,40.640,-73.780,Clear,70,76,71,62,8,12,NE,0.0,75,6,1015,23,0.0
441,LGA,2015-08-09,0,40.776,-73.873,Partly cloudy,68,69,69,62,5,10,NE,0.0,79,6,1015,31,0.0
442,JFK,2015-08-10,0,40.640,-73.780,Partly cloudy,70,76,72,65,3,5,SSE,0.0,80,6,1018,28,0.0
443,LGA,2015-08-10,0,40.780,-73.870,Partly cloudy,68,69,69,65,3,5,S,0.0,86,6,1018,26,0.0
444,JFK,2015-08-11,0,40.640,-73.780,Overcast,73,77,74,67,9,14,S,0.0,81,6,1014,100,0.0
445,LGA,2015-08-11,0,40.780,-73.870,Overcast,72,76,72,66,8,13,SSE,0.0,81,6,1014,100,0.0
446,JFK,2015-08-12,0,40.640,-73.780,Clear,72,78,74,70,7,10,NW,0.0,87,6,1009,11,0.0
447,LGA,2015-08-12,0,40.780,-73.870,Clear,71,76,72,69,6,11,NW,0.0,89,6,1009,11,0.0
448,JFK,2015-08-13,0,40.640,-73.780,Partly cloudy,70,76,71,64,9,12,NNW,0.0,77,6,1014,26,0.0
449,LGA,2015-08-13,0,40.780,-73.870,Partly cloudy,68,69,69,62,7,12,NNW,0.0,79,6,1014,26,0.0
450,JFK,2015-08-14,0,40.640,-73.779,Clear,70,82,80,63,4,4,NW,0.0,56,6,1020,0,0.0
451,LGA,2015-08-14,0,40.780,-73.870,Clear,67,78,76,59,3,3,NW,0.0,56,6,1020,0,0.0
452,JFK,2015-08-15,0,40.640,-73.780,Clear,72,77,74,64,9,15,WSW,0.0,70,6,1020,5,0.0
453,LGA,2015-08-15,0,40.780,-73.870,Clear,70,76,71,62,7,14,WSW,0.0,73,6,1020,5,0.0
454,JFK,2015-08-16,0,40.640,-73.779,Clear,74,79,75,68,9,15,W,0.0,78,6,1020,6,0.0
455,LGA,2015-08-16,0,40.776,-73.873,Clear,72,77,74,67,6,12,W,0.0,79,6,1020,9,0.0
456,JFK,2015-08-17,0,40.640,-73.780,Clear,75,79,76,67,10,20,WSW,0.0,75,6,1019,11,0.0
457,LGA,2015-08-17,0,40.776,-73.873,Clear,74,78,74,66,8,16,WSW,0.0,74,6,1019,11,0.0
458,JFK,2015-08-18,0,40.640,-73.780,Clear,76,80,77,67,8,13,SW,0.0,71,6,1017,15,0.0
459,LGA,2015-08-18,0,40.780,-73.870,Clear,75,79,76,65,6,12,SW,0.0,68,6,1017,13,0.0
460,JFK,2015-08-19,0,40.640,-73.779,Mist,75,81,76,74,6,9,S,0.0,95,1,1017,36,0.0
461,LGA,2015-08-19,0,40.780,-73.870,Mist,73,78,74,73,4,8,S,0.0,96,1,1017,45,0.0
462,JFK,2015-08-20,0,40.640,-73.779,Clear,75,82,77,75,7,11,SE,0.0,94,6,1017,19,0.0
463,LGA,2015-08-20,0,40.780,-73.870,Mist,74,80,75,74,6,10,SE,0.0,96,1,1017,35,0.0
464,JFK,2015-08-21,0,40.640,-73.779,Cloudy,76,81,76,73,9,14,SE,0.0,89,6,1015,77,0.0
465,LGA,2015-08-21,0,40.780,-73.870,Overcast,75,80,75,72,7,12,SE,0.0,90,6,1015,100,0.0
466,JFK,2015-08-22,0,40.640,-73.780,Overcast,73,77,73,61,14,21,N,0.0,66,6,1018,94,0.0
467,LGA,2015-08-22,0,40.776,-73.873,Overcast,71,76,71,57,12,19,N,0.0,62,6,1018,88,0.0
468,JFK,2015-08-23,0,40.640,-73.779,Partly cloudy,71,76,72,63,8,12,NNE,0.0,72,6,1017,45,0.0
469,LGA,2015-08-23,0,40.780,-73.870,Clear,69,70,70,59,6,11,NNE,0.0,69,6,1017,20,0.0
470,JFK,2015-08-24,0,40.640,-73.780,Partly cloudy,72,78,74,71,2,3,WSW,0.0,90,6,1013,33,0.0
471,LGA,2015-08-24,0,40.780,-73.870,Partly cloudy,70,76,72,69,3,5,WSW,0.0,92,6,1013,32,0.0
472,JFK,2015-08-25,0,40.640,-73.780,Clear,75,80,76,72,8,13,SSW,0.0,87,6,1011,18,0.0
473,LGA,2015-08-25,0,40.780,-73.870,Clear,73,78,74,71,6,11,SSW,0.0,89,6,1011,17,0.0
474,JFK,2015-08-26,0,40.640,-73.780,Clear,72,77,74,62,12,17,NW,0.0,66,6,1013,0,0.0
475,LGA,2015-08-26,0,40.780,-73.870,Clear,70,76,70,59,10,18,NW,0.0,68,6,1013,1,0.0
476,JFK,2015-08-27,0,40.640,-73.780,Partly cloudy,70,76,71,59,9,13,NNW,0.0,66,6,1016,28,0.0
477,LGA,2015-08-27,0,40.780,-73.870,Partly cloudy,67,68,68,57,7,12,NW,0.0,69,6,1016,30,0.0
478,JFK,2015-08-28,0,40.640,-73.780,Clear,67,76,70,61,6,7,NNW,0.0,71,6,1020,7,0.0
479,LGA,2015-08-28,0,40.780,-73.870,Clear,64,67,67,59,4,7,NNW,0.0,77,6,1020,8,0.0
480,JFK,2015-08-29,0,40.640,-73.780,Clear,69,82,79,67,4,5,W,0.0,67,6,1022,0,0.0
481,LGA,2015-08-29,0,40.780,-73.870,Clear,67,78,75,63,3,4,NW,0.0,66,6,1022,0,0.0
482,JFK,2015-08-30,0,40.640,-73.780,Clear,72,76,72,64,12,19,WSW,0.0,76,6,1019,11,0.0
483,LGA,2015-08-30,0,40.780,-73.870,Clear,70,76,70,63,10,16,WSW,0.0,78,6,1019,3,0.0
484,JFK,2015-08-31,0,40.640,-73.780,Clear,75,79,75,67,11,19,WSW,0.0,76,6,1017,24,0.0
485,LGA,2015-08-31,0,40.780,-73.870,Clear,74,78,74,66,9,16,WSW,0.0,76,6,1017,23,0.0
486,JFK,2015-09-01,0,40.640,-73.780,Partly cloudy,70,76,72,65,9,14,WSW,0.0,79,6,1018,32,0.0
487,LGA,2015-09-01,0,40.780,-73.870,Partly cloudy,69,73,70,64,7,12,WSW,0.0,81,5,1018,33,0.0
488,JFK,2015-09-02,0,40.640,-73.780,Clear,73,97,84,79,3,3,WSW,0.0,85,6,1017,0,0.0
489,LGA,2015-09-02,0,40.776,-73.873,Clear,71,86,80,75,3,4,WSW,0.0,87,6,1017,0,0.0
490,JFK,2015-09-03,0,40.640,-73.780,Clear,74,96,84,80,4,5,W,0.0,88,6,1012,0,0.0
